Basin,Community,Year,Population
Cumaral,Urban,2020,0
Cumaral,Urban,2021,0
Cumaral,Urban,2022,0
Cumaral,Urban,2023,0
Cumaral,Urban,2024,0
Cumaral,Urban,2025,0
Cumaral,Urban,2026,0
Cumaral,Urban,2027,0
Cumaral,Urban,2028,0
Cumaral,Urban,2029,0
Cumaral,Urban,2030,0
Cumaral,Urban,2031,0
Cumaral,Urban,2032,0
Cumaral,Urban,2033,0
Cumaral,Urban,2034,0
Cumaral,Urban,2035,0
Cumaral,Urban,2036,0
Cumaral,Urban,2037,0
Cumaral,Urban,2038,0
Cumaral,Urban,2039,0
Cumaral,Urban,2040,0
Cumaral,Urban,2041,0
Cumaral,Urban,2042,0
Cumaral,Urban,2043,0
Cumaral,Urban,2044,0
Cumaral,Urban,2045,0
Cumaral,Urban,2046,0
Cumaral,Urban,2047,0
Cumaral,Urban,2048,0
Cumaral,Urban,2049,0
Cumaral,Urban,2050,0
Cumaral,Rural,2020,1462
Cumaral,Rural,2021,1486
Cumaral,Rural,2022,1510
Cumaral,Rural,2023,1535
Cumaral,Rural,2024,1559
Cumaral,Rural,2025,1583
Cumaral,Rural,2026,1607
Cumaral,Rural,2027,1631
Cumaral,Rural,2028,1655
Cumaral,Rural,2029,1679
Cumaral,Rural,2030,1704
Cumaral,Rural,2031,1728
Cumaral,Rural,2032,1752
Cumaral,Rural,2033,1776
Cumaral,Rural,2034,1800
Cumaral,Rural,2035,1824
Cumaral,Rural,2036,1848
Cumaral,Rural,2037,1872
Cumaral,Rural,2038,1897
Cumaral,Rural,2039,1921
Cumaral,Rural,2040,1945
Cumaral,Rural,2041,1969
Cumaral,Rural,2042,1993
Cumaral,Rural,2043,2017
Cumaral,Rural,2044,2041
Cumaral,Rural,2045,2065
Cumaral,Rural,2046,2090
Cumaral,Rural,2047,2114
Cumaral,Rural,2048,2138
Cumaral,Rural,2049,2162
Cumaral,Rural,2050,2186
Guanapalo,Urban,2020,6022
Guanapalo,Urban,2021,6156
Guanapalo,Urban,2022,6289
Guanapalo,Urban,2023,6423
Guanapalo,Urban,2024,6557
Guanapalo,Urban,2025,6691
Guanapalo,Urban,2026,6825
Guanapalo,Urban,2027,6959
Guanapalo,Urban,2028,7093
Guanapalo,Urban,2029,7227
Guanapalo,Urban,2030,7361
Guanapalo,Urban,2031,7495
Guanapalo,Urban,2032,7629
Guanapalo,Urban,2033,7763
Guanapalo,Urban,2034,7896
Guanapalo,Urban,2035,8030
Guanapalo,Urban,2036,8164
Guanapalo,Urban,2037,8298
Guanapalo,Urban,2038,8432
Guanapalo,Urban,2039,8566
Guanapalo,Urban,2040,8700
Guanapalo,Urban,2041,8834
Guanapalo,Urban,2042,8968
Guanapalo,Urban,2043,9102
Guanapalo,Urban,2044,9236
Guanapalo,Urban,2045,9370
Guanapalo,Urban,2046,9503
Guanapalo,Urban,2047,9637
Guanapalo,Urban,2048,9771
Guanapalo,Urban,2049,9905
Guanapalo,Urban,2050,10039
Guanapalo,Rural,2020,13343
Guanapalo,Rural,2021,13453
Guanapalo,Rural,2022,13563
Guanapalo,Rural,2023,13674
Guanapalo,Rural,2024,13784
Guanapalo,Rural,2025,13894
Guanapalo,Rural,2026,14004
Guanapalo,Rural,2027,14114
Guanapalo,Rural,2028,14225
Guanapalo,Rural,2029,14335
Guanapalo,Rural,2030,14445
Guanapalo,Rural,2031,14555
Guanapalo,Rural,2032,14665
Guanapalo,Rural,2033,14775
Guanapalo,Rural,2034,14886
Guanapalo,Rural,2035,14996
Guanapalo,Rural,2036,15106
Guanapalo,Rural,2037,15216
Guanapalo,Rural,2038,15326
Guanapalo,Rural,2039,15436
Guanapalo,Rural,2040,15547
Guanapalo,Rural,2041,15657
Guanapalo,Rural,2042,15767
Guanapalo,Rural,2043,15877
Guanapalo,Rural,2044,15987
Guanapalo,Rural,2045,16098
Guanapalo,Rural,2046,16208
Guanapalo,Rural,2047,16318
Guanapalo,Rural,2048,16428
Guanapalo,Rural,2049,16538
Guanapalo,Rural,2050,16648
Casanare,Urban,2020,72498
Casanare,Urban,2021,73444
Casanare,Urban,2022,74390
Casanare,Urban,2023,75335
Casanare,Urban,2024,76281
Casanare,Urban,2025,77226
Casanare,Urban,2026,78172
Casanare,Urban,2027,79117
Casanare,Urban,2028,80063
Casanare,Urban,2029,81009
Casanare,Urban,2030,81954
Casanare,Urban,2031,82900
Casanare,Urban,2032,83845
Casanare,Urban,2033,84791
Casanare,Urban,2034,85736
Casanare,Urban,2035,86682
Casanare,Urban,2036,87627
Casanare,Urban,2037,88573
Casanare,Urban,2038,89519
Casanare,Urban,2039,90464
Casanare,Urban,2040,91410
Casanare,Urban,2041,92355
Casanare,Urban,2042,93301
Casanare,Urban,2043,94246
Casanare,Urban,2044,95192
Casanare,Urban,2045,96137
Casanare,Urban,2046,97083
Casanare,Urban,2047,98029
Casanare,Urban,2048,98974
Casanare,Urban,2049,99920
Casanare,Urban,2050,100865
Casanare,Rural,2020,79817
Casanare,Rural,2021,80745
Casanare,Rural,2022,81674
Casanare,Rural,2023,82603
Casanare,Rural,2024,83532
Casanare,Rural,2025,84461
Casanare,Rural,2026,85390
Casanare,Rural,2027,86319
Casanare,Rural,2028,87248
Casanare,Rural,2029,88177
Casanare,Rural,2030,89106
Casanare,Rural,2031,90034
Casanare,Rural,2032,90963
Casanare,Rural,2033,91892
Casanare,Rural,2034,92821
Casanare,Rural,2035,93750
Casanare,Rural,2036,94679
Casanare,Rural,2037,95608
Casanare,Rural,2038,96537
Casanare,Rural,2039,97466
Casanare,Rural,2040,98395
Casanare,Rural,2041,99323
Casanare,Rural,2042,100252
Casanare,Rural,2043,101181
Casanare,Rural,2044,102110
Casanare,Rural,2045,103039
Casanare,Rural,2046,103968
Casanare,Rural,2047,104897
Casanare,Rural,2048,105826
Casanare,Rural,2049,106755
Casanare,Rural,2050,107684
Dir_btw_Cu_CS,Urban,2020,0
Dir_btw_Cu_CS,Urban,2021,0
Dir_btw_Cu_CS,Urban,2022,0
Dir_btw_Cu_CS,Urban,2023,0
Dir_btw_Cu_CS,Urban,2024,0
Dir_btw_Cu_CS,Urban,2025,0
Dir_btw_Cu_CS,Urban,2026,0
Dir_btw_Cu_CS,Urban,2027,0
Dir_btw_Cu_CS,Urban,2028,0
Dir_btw_Cu_CS,Urban,2029,0
Dir_btw_Cu_CS,Urban,2030,0
Dir_btw_Cu_CS,Urban,2031,0
Dir_btw_Cu_CS,Urban,2032,0
Dir_btw_Cu_CS,Urban,2033,0
Dir_btw_Cu_CS,Urban,2034,0
Dir_btw_Cu_CS,Urban,2035,0
Dir_btw_Cu_CS,Urban,2036,0
Dir_btw_Cu_CS,Urban,2037,0
Dir_btw_Cu_CS,Urban,2038,0
Dir_btw_Cu_CS,Urban,2039,0
Dir_btw_Cu_CS,Urban,2040,0
Dir_btw_Cu_CS,Urban,2041,0
Dir_btw_Cu_CS,Urban,2042,0
Dir_btw_Cu_CS,Urban,2043,0
Dir_btw_Cu_CS,Urban,2044,0
Dir_btw_Cu_CS,Urban,2045,0
Dir_btw_Cu_CS,Urban,2046,0
Dir_btw_Cu_CS,Urban,2047,0
Dir_btw_Cu_CS,Urban,2048,0
Dir_btw_Cu_CS,Urban,2049,0
Dir_btw_Cu_CS,Urban,2050,0
Dir_btw_Cu_CS,Rural,2020,4580
Dir_btw_Cu_CS,Rural,2021,4602
Dir_btw_Cu_CS,Rural,2022,4625
Dir_btw_Cu_CS,Rural,2023,4648
Dir_btw_Cu_CS,Rural,2024,4670
Dir_btw_Cu_CS,Rural,2025,4693
Dir_btw_Cu_CS,Rural,2026,4715
Dir_btw_Cu_CS,Rural,2027,4738
Dir_btw_Cu_CS,Rural,2028,4760
Dir_btw_Cu_CS,Rural,2029,4783
Dir_btw_Cu_CS,Rural,2030,4805
Dir_btw_Cu_CS,Rural,2031,4828
Dir_btw_Cu_CS,Rural,2032,4851
Dir_btw_Cu_CS,Rural,2033,4873
Dir_btw_Cu_CS,Rural,2034,4896
Dir_btw_Cu_CS,Rural,2035,4918
Dir_btw_Cu_CS,Rural,2036,4941
Dir_btw_Cu_CS,Rural,2037,4963
Dir_btw_Cu_CS,Rural,2038,4986
Dir_btw_Cu_CS,Rural,2039,5008
Dir_btw_Cu_CS,Rural,2040,5031
Dir_btw_Cu_CS,Rural,2041,5054
Dir_btw_Cu_CS,Rural,2042,5076
Dir_btw_Cu_CS,Rural,2043,5099
Dir_btw_Cu_CS,Rural,2044,5121
Dir_btw_Cu_CS,Rural,2045,5144
Dir_btw_Cu_CS,Rural,2046,5166
Dir_btw_Cu_CS,Rural,2047,5189
Dir_btw_Cu_CS,Rural,2048,5211
Dir_btw_Cu_CS,Rural,2049,5234
Dir_btw_Cu_CS,Rural,2050,5257
Dir_btw_Cu_Ca,Urban,2020,9392
Dir_btw_Cu_Ca,Urban,2021,9483
Dir_btw_Cu_Ca,Urban,2022,9575
Dir_btw_Cu_Ca,Urban,2023,9666
Dir_btw_Cu_Ca,Urban,2024,9757
Dir_btw_Cu_Ca,Urban,2025,9848
Dir_btw_Cu_Ca,Urban,2026,9939
Dir_btw_Cu_Ca,Urban,2027,10031
Dir_btw_Cu_Ca,Urban,2028,10122
Dir_btw_Cu_Ca,Urban,2029,10213
Dir_btw_Cu_Ca,Urban,2030,10304
Dir_btw_Cu_Ca,Urban,2031,10396
Dir_btw_Cu_Ca,Urban,2032,10487
Dir_btw_Cu_Ca,Urban,2033,10578
Dir_btw_Cu_Ca,Urban,2034,10669
Dir_btw_Cu_Ca,Urban,2035,10760
Dir_btw_Cu_Ca,Urban,2036,10852
Dir_btw_Cu_Ca,Urban,2037,10943
Dir_btw_Cu_Ca,Urban,2038,11034
Dir_btw_Cu_Ca,Urban,2039,11125
Dir_btw_Cu_Ca,Urban,2040,11216
Dir_btw_Cu_Ca,Urban,2041,11308
Dir_btw_Cu_Ca,Urban,2042,11399
Dir_btw_Cu_Ca,Urban,2043,11490
Dir_btw_Cu_Ca,Urban,2044,11581
Dir_btw_Cu_Ca,Urban,2045,11673
Dir_btw_Cu_Ca,Urban,2046,11764
Dir_btw_Cu_Ca,Urban,2047,11855
Dir_btw_Cu_Ca,Urban,2048,11946
Dir_btw_Cu_Ca,Urban,2049,12037
Dir_btw_Cu_Ca,Urban,2050,12129
Dir_btw_Cu_Ca,Rural,2020,1885
Dir_btw_Cu_Ca,Rural,2021,1919
Dir_btw_Cu_Ca,Rural,2022,1953
Dir_btw_Cu_Ca,Rural,2023,1987
Dir_btw_Cu_Ca,Rural,2024,2021
Dir_btw_Cu_Ca,Rural,2025,2055
Dir_btw_Cu_Ca,Rural,2026,2089
Dir_btw_Cu_Ca,Rural,2027,2123
Dir_btw_Cu_Ca,Rural,2028,2157
Dir_btw_Cu_Ca,Rural,2029,2191
Dir_btw_Cu_Ca,Rural,2030,2225
Dir_btw_Cu_Ca,Rural,2031,2258
Dir_btw_Cu_Ca,Rural,2032,2292
Dir_btw_Cu_Ca,Rural,2033,2326
Dir_btw_Cu_Ca,Rural,2034,2360
Dir_btw_Cu_Ca,Rural,2035,2394
Dir_btw_Cu_Ca,Rural,2036,2428
Dir_btw_Cu_Ca,Rural,2037,2462
Dir_btw_Cu_Ca,Rural,2038,2496
Dir_btw_Cu_Ca,Rural,2039,2530
Dir_btw_Cu_Ca,Rural,2040,2564
Dir_btw_Cu_Ca,Rural,2041,2598
Dir_btw_Cu_Ca,Rural,2042,2632
Dir_btw_Cu_Ca,Rural,2043,2666
Dir_btw_Cu_Ca,Rural,2044,2700
Dir_btw_Cu_Ca,Rural,2045,2734
Dir_btw_Cu_Ca,Rural,2046,2768
Dir_btw_Cu_Ca,Rural,2047,2802
Dir_btw_Cu_Ca,Rural,2048,2836
Dir_btw_Cu_Ca,Rural,2049,2870
Dir_btw_Cu_Ca,Rural,2050,2904
Dir_btw_Hu_Up,Urban,2020,4122
Dir_btw_Hu_Up,Urban,2021,4163
Dir_btw_Hu_Up,Urban,2022,4204
Dir_btw_Hu_Up,Urban,2023,4245
Dir_btw_Hu_Up,Urban,2024,4286
Dir_btw_Hu_Up,Urban,2025,4327
Dir_btw_Hu_Up,Urban,2026,4368
Dir_btw_Hu_Up,Urban,2027,4409
Dir_btw_Hu_Up,Urban,2028,4449
Dir_btw_Hu_Up,Urban,2029,4490
Dir_btw_Hu_Up,Urban,2030,4531
Dir_btw_Hu_Up,Urban,2031,4572
Dir_btw_Hu_Up,Urban,2032,4613
Dir_btw_Hu_Up,Urban,2033,4654
Dir_btw_Hu_Up,Urban,2034,4695
Dir_btw_Hu_Up,Urban,2035,4735
Dir_btw_Hu_Up,Urban,2036,4776
Dir_btw_Hu_Up,Urban,2037,4817
Dir_btw_Hu_Up,Urban,2038,4858
Dir_btw_Hu_Up,Urban,2039,4899
Dir_btw_Hu_Up,Urban,2040,4940
Dir_btw_Hu_Up,Urban,2041,4981
Dir_btw_Hu_Up,Urban,2042,5021
Dir_btw_Hu_Up,Urban,2043,5062
Dir_btw_Hu_Up,Urban,2044,5103
Dir_btw_Hu_Up,Urban,2045,5144
Dir_btw_Hu_Up,Urban,2046,5185
Dir_btw_Hu_Up,Urban,2047,5226
Dir_btw_Hu_Up,Urban,2048,5267
Dir_btw_Hu_Up,Urban,2049,5307
Dir_btw_Hu_Up,Urban,2050,5348
Dir_btw_Hu_Up,Rural,2020,5313
Dir_btw_Hu_Up,Rural,2021,5389
Dir_btw_Hu_Up,Rural,2022,5465
Dir_btw_Hu_Up,Rural,2023,5541
Dir_btw_Hu_Up,Rural,2024,5617
Dir_btw_Hu_Up,Rural,2025,5693
Dir_btw_Hu_Up,Rural,2026,5768
Dir_btw_Hu_Up,Rural,2027,5844
Dir_btw_Hu_Up,Rural,2028,5920
Dir_btw_Hu_Up,Rural,2029,5996
Dir_btw_Hu_Up,Rural,2030,6072
Dir_btw_Hu_Up,Rural,2031,6148
Dir_btw_Hu_Up,Rural,2032,6223
Dir_btw_Hu_Up,Rural,2033,6299
Dir_btw_Hu_Up,Rural,2034,6375
Dir_btw_Hu_Up,Rural,2035,6451
Dir_btw_Hu_Up,Rural,2036,6527
Dir_btw_Hu_Up,Rural,2037,6603
Dir_btw_Hu_Up,Rural,2038,6678
Dir_btw_Hu_Up,Rural,2039,6754
Dir_btw_Hu_Up,Rural,2040,6830
Dir_btw_Hu_Up,Rural,2041,6906
Dir_btw_Hu_Up,Rural,2042,6982
Dir_btw_Hu_Up,Rural,2043,7058
Dir_btw_Hu_Up,Rural,2044,7134
Dir_btw_Hu_Up,Rural,2045,7209
Dir_btw_Hu_Up,Rural,2046,7285
Dir_btw_Hu_Up,Rural,2047,7361
Dir_btw_Hu_Up,Rural,2048,7437
Dir_btw_Hu_Up,Rural,2049,7513
Dir_btw_Hu_Up,Rural,2050,7589
Dir_btw_P_Ca,Urban,2020,0
Dir_btw_P_Ca,Urban,2021,0
Dir_btw_P_Ca,Urban,2022,0
Dir_btw_P_Ca,Urban,2023,0
Dir_btw_P_Ca,Urban,2024,0
Dir_btw_P_Ca,Urban,2025,0
Dir_btw_P_Ca,Urban,2026,0
Dir_btw_P_Ca,Urban,2027,0
Dir_btw_P_Ca,Urban,2028,0
Dir_btw_P_Ca,Urban,2029,0
Dir_btw_P_Ca,Urban,2030,0
Dir_btw_P_Ca,Urban,2031,0
Dir_btw_P_Ca,Urban,2032,0
Dir_btw_P_Ca,Urban,2033,0
Dir_btw_P_Ca,Urban,2034,0
Dir_btw_P_Ca,Urban,2035,0
Dir_btw_P_Ca,Urban,2036,0
Dir_btw_P_Ca,Urban,2037,0
Dir_btw_P_Ca,Urban,2038,0
Dir_btw_P_Ca,Urban,2039,0
Dir_btw_P_Ca,Urban,2040,0
Dir_btw_P_Ca,Urban,2041,0
Dir_btw_P_Ca,Urban,2042,0
Dir_btw_P_Ca,Urban,2043,0
Dir_btw_P_Ca,Urban,2044,0
Dir_btw_P_Ca,Urban,2045,0
Dir_btw_P_Ca,Urban,2046,0
Dir_btw_P_Ca,Urban,2047,0
Dir_btw_P_Ca,Urban,2048,0
Dir_btw_P_Ca,Urban,2049,0
Dir_btw_P_Ca,Urban,2050,0
Dir_btw_P_Ca,Rural,2020,5437
Dir_btw_P_Ca,Rural,2021,5466
Dir_btw_P_Ca,Rural,2022,5494
Dir_btw_P_Ca,Rural,2023,5523
Dir_btw_P_Ca,Rural,2024,5551
Dir_btw_P_Ca,Rural,2025,5580
Dir_btw_P_Ca,Rural,2026,5609
Dir_btw_P_Ca,Rural,2027,5637
Dir_btw_P_Ca,Rural,2028,5666
Dir_btw_P_Ca,Rural,2029,5694
Dir_btw_P_Ca,Rural,2030,5723
Dir_btw_P_Ca,Rural,2031,5751
Dir_btw_P_Ca,Rural,2032,5780
Dir_btw_P_Ca,Rural,2033,5809
Dir_btw_P_Ca,Rural,2034,5837
Dir_btw_P_Ca,Rural,2035,5866
Dir_btw_P_Ca,Rural,2036,5894
Dir_btw_P_Ca,Rural,2037,5923
Dir_btw_P_Ca,Rural,2038,5952
Dir_btw_P_Ca,Rural,2039,5980
Dir_btw_P_Ca,Rural,2040,6009
Dir_btw_P_Ca,Rural,2041,6037
Dir_btw_P_Ca,Rural,2042,6066
Dir_btw_P_Ca,Rural,2043,6094
Dir_btw_P_Ca,Rural,2044,6123
Dir_btw_P_Ca,Rural,2045,6152
Dir_btw_P_Ca,Rural,2046,6180
Dir_btw_P_Ca,Rural,2047,6209
Dir_btw_P_Ca,Rural,2048,6237
Dir_btw_P_Ca,Rural,2049,6266
Dir_btw_P_Ca,Rural,2050,6295
Dir_btw_Ca_Or,Urban,2020,16627
Dir_btw_Ca_Or,Urban,2021,16798
Dir_btw_Ca_Or,Urban,2022,16969
Dir_btw_Ca_Or,Urban,2023,17140
Dir_btw_Ca_Or,Urban,2024,17311
Dir_btw_Ca_Or,Urban,2025,17482
Dir_btw_Ca_Or,Urban,2026,17652
Dir_btw_Ca_Or,Urban,2027,17823
Dir_btw_Ca_Or,Urban,2028,17994
Dir_btw_Ca_Or,Urban,2029,18165
Dir_btw_Ca_Or,Urban,2030,18336
Dir_btw_Ca_Or,Urban,2031,18507
Dir_btw_Ca_Or,Urban,2032,18678
Dir_btw_Ca_Or,Urban,2033,18849
Dir_btw_Ca_Or,Urban,2034,19020
Dir_btw_Ca_Or,Urban,2035,19191
Dir_btw_Ca_Or,Urban,2036,19362
Dir_btw_Ca_Or,Urban,2037,19533
Dir_btw_Ca_Or,Urban,2038,19704
Dir_btw_Ca_Or,Urban,2039,19875
Dir_btw_Ca_Or,Urban,2040,20046
Dir_btw_Ca_Or,Urban,2041,20217
Dir_btw_Ca_Or,Urban,2042,20388
Dir_btw_Ca_Or,Urban,2043,20559
Dir_btw_Ca_Or,Urban,2044,20730
Dir_btw_Ca_Or,Urban,2045,20901
Dir_btw_Ca_Or,Urban,2046,21072
Dir_btw_Ca_Or,Urban,2047,21243
Dir_btw_Ca_Or,Urban,2048,21414
Dir_btw_Ca_Or,Urban,2049,21585
Dir_btw_Ca_Or,Urban,2050,21756
Dir_btw_Ca_Or,Rural,2020,1814
Dir_btw_Ca_Or,Rural,2021,1859
Dir_btw_Ca_Or,Rural,2022,1905
Dir_btw_Ca_Or,Rural,2023,1950
Dir_btw_Ca_Or,Rural,2024,1996
Dir_btw_Ca_Or,Rural,2025,2041
Dir_btw_Ca_Or,Rural,2026,2087
Dir_btw_Ca_Or,Rural,2027,2133
Dir_btw_Ca_Or,Rural,2028,2178
Dir_btw_Ca_Or,Rural,2029,2224
Dir_btw_Ca_Or,Rural,2030,2269
Dir_btw_Ca_Or,Rural,2031,2315
Dir_btw_Ca_Or,Rural,2032,2360
Dir_btw_Ca_Or,Rural,2033,2406
Dir_btw_Ca_Or,Rural,2034,2452
Dir_btw_Ca_Or,Rural,2035,2497
Dir_btw_Ca_Or,Rural,2036,2543
Dir_btw_Ca_Or,Rural,2037,2588
Dir_btw_Ca_Or,Rural,2038,2634
Dir_btw_Ca_Or,Rural,2039,2679
Dir_btw_Ca_Or,Rural,2040,2725
Dir_btw_Ca_Or,Rural,2041,2770
Dir_btw_Ca_Or,Rural,2042,2816
Dir_btw_Ca_Or,Rural,2043,2862
Dir_btw_Ca_Or,Rural,2044,2907
Dir_btw_Ca_Or,Rural,2045,2953
Dir_btw_Ca_Or,Rural,2046,2998
Dir_btw_Ca_Or,Rural,2047,3044
Dir_btw_Ca_Or,Rural,2048,3089
Dir_btw_Ca_Or,Rural,2049,3135
Dir_btw_Ca_Or,Rural,2050,3181
Dir_btw_Gb_Yu,Urban,2020,19455
Dir_btw_Gb_Yu,Urban,2021,19671
Dir_btw_Gb_Yu,Urban,2022,19886
Dir_btw_Gb_Yu,Urban,2023,20101
Dir_btw_Gb_Yu,Urban,2024,20316
Dir_btw_Gb_Yu,Urban,2025,20531
Dir_btw_Gb_Yu,Urban,2026,20746
Dir_btw_Gb_Yu,Urban,2027,20961
Dir_btw_Gb_Yu,Urban,2028,21177
Dir_btw_Gb_Yu,Urban,2029,21392
Dir_btw_Gb_Yu,Urban,2030,21607
Dir_btw_Gb_Yu,Urban,2031,21822
Dir_btw_Gb_Yu,Urban,2032,22037
Dir_btw_Gb_Yu,Urban,2033,22252
Dir_btw_Gb_Yu,Urban,2034,22468
Dir_btw_Gb_Yu,Urban,2035,22683
Dir_btw_Gb_Yu,Urban,2036,22898
Dir_btw_Gb_Yu,Urban,2037,23113
Dir_btw_Gb_Yu,Urban,2038,23328
Dir_btw_Gb_Yu,Urban,2039,23543
Dir_btw_Gb_Yu,Urban,2040,23759
Dir_btw_Gb_Yu,Urban,2041,23974
Dir_btw_Gb_Yu,Urban,2042,24189
Dir_btw_Gb_Yu,Urban,2043,24404
Dir_btw_Gb_Yu,Urban,2044,24619
Dir_btw_Gb_Yu,Urban,2045,24834
Dir_btw_Gb_Yu,Urban,2046,25049
Dir_btw_Gb_Yu,Urban,2047,25265
Dir_btw_Gb_Yu,Urban,2048,25480
Dir_btw_Gb_Yu,Urban,2049,25695
Dir_btw_Gb_Yu,Urban,2050,25910
Dir_btw_Gb_Yu,Rural,2020,3533
Dir_btw_Gb_Yu,Rural,2021,3587
Dir_btw_Gb_Yu,Rural,2022,3640
Dir_btw_Gb_Yu,Rural,2023,3693
Dir_btw_Gb_Yu,Rural,2024,3747
Dir_btw_Gb_Yu,Rural,2025,3800
Dir_btw_Gb_Yu,Rural,2026,3853
Dir_btw_Gb_Yu,Rural,2027,3907
Dir_btw_Gb_Yu,Rural,2028,3960
Dir_btw_Gb_Yu,Rural,2029,4013
Dir_btw_Gb_Yu,Rural,2030,4067
Dir_btw_Gb_Yu,Rural,2031,4120
Dir_btw_Gb_Yu,Rural,2032,4173
Dir_btw_Gb_Yu,Rural,2033,4227
Dir_btw_Gb_Yu,Rural,2034,4280
Dir_btw_Gb_Yu,Rural,2035,4333
Dir_btw_Gb_Yu,Rural,2036,4387
Dir_btw_Gb_Yu,Rural,2037,4440
Dir_btw_Gb_Yu,Rural,2038,4493
Dir_btw_Gb_Yu,Rural,2039,4547
Dir_btw_Gb_Yu,Rural,2040,4600
Dir_btw_Gb_Yu,Rural,2041,4653
Dir_btw_Gb_Yu,Rural,2042,4707
Dir_btw_Gb_Yu,Rural,2043,4760
Dir_btw_Gb_Yu,Rural,2044,4813
Dir_btw_Gb_Yu,Rural,2045,4867
Dir_btw_Gb_Yu,Rural,2046,4920
Dir_btw_Gb_Yu,Rural,2047,4973
Dir_btw_Gb_Yu,Rural,2048,5027
Dir_btw_Gb_Yu,Rural,2049,5080
Dir_btw_Gb_Yu,Rural,2050,5133
Lago de Tota,Urban,2020,6352
Lago de Tota,Urban,2021,6448
Lago de Tota,Urban,2022,6544
Lago de Tota,Urban,2023,6640
Lago de Tota,Urban,2024,6736
Lago de Tota,Urban,2025,6831
Lago de Tota,Urban,2026,6927
Lago de Tota,Urban,2027,7023
Lago de Tota,Urban,2028,7119
Lago de Tota,Urban,2029,7214
Lago de Tota,Urban,2030,7310
Lago de Tota,Urban,2031,7406
Lago de Tota,Urban,2032,7502
Lago de Tota,Urban,2033,7598
Lago de Tota,Urban,2034,7693
Lago de Tota,Urban,2035,7789
Lago de Tota,Urban,2036,7885
Lago de Tota,Urban,2037,7981
Lago de Tota,Urban,2038,8077
Lago de Tota,Urban,2039,8172
Lago de Tota,Urban,2040,8268
Lago de Tota,Urban,2041,8364
Lago de Tota,Urban,2042,8460
Lago de Tota,Urban,2043,8555
Lago de Tota,Urban,2044,8651
Lago de Tota,Urban,2045,8747
Lago de Tota,Urban,2046,8843
Lago de Tota,Urban,2047,8939
Lago de Tota,Urban,2048,9034
Lago de Tota,Urban,2049,9130
Lago de Tota,Urban,2050,9226
Lago de Tota,Rural,2020,4608
Lago de Tota,Rural,2021,4628
Lago de Tota,Rural,2022,4647
Lago de Tota,Rural,2023,4667
Lago de Tota,Rural,2024,4686
Lago de Tota,Rural,2025,4706
Lago de Tota,Rural,2026,4725
Lago de Tota,Rural,2027,4745
Lago de Tota,Rural,2028,4764
Lago de Tota,Rural,2029,4784
Lago de Tota,Rural,2030,4803
Lago de Tota,Rural,2031,4823
Lago de Tota,Rural,2032,4842
Lago de Tota,Rural,2033,4862
Lago de Tota,Rural,2034,4881
Lago de Tota,Rural,2035,4900
Lago de Tota,Rural,2036,4920
Lago de Tota,Rural,2037,4939
Lago de Tota,Rural,2038,4959
Lago de Tota,Rural,2039,4978
Lago de Tota,Rural,2040,4998
Lago de Tota,Rural,2041,5017
Lago de Tota,Rural,2042,5037
Lago de Tota,Rural,2043,5056
Lago de Tota,Rural,2044,5076
Lago de Tota,Rural,2045,5095
Lago de Tota,Rural,2046,5115
Lago de Tota,Rural,2047,5134
Lago de Tota,Rural,2048,5154
Lago de Tota,Rural,2049,5173
Lago de Tota,Rural,2050,5192
Cravo Sur,Urban,2020,99145
Cravo Sur,Urban,2021,100673
Cravo Sur,Urban,2022,102201
Cravo Sur,Urban,2023,103728
Cravo Sur,Urban,2024,105256
Cravo Sur,Urban,2025,106783
Cravo Sur,Urban,2026,108311
Cravo Sur,Urban,2027,109838
Cravo Sur,Urban,2028,111366
Cravo Sur,Urban,2029,112893
Cravo Sur,Urban,2030,114421
Cravo Sur,Urban,2031,115948
Cravo Sur,Urban,2032,117476
Cravo Sur,Urban,2033,119003
Cravo Sur,Urban,2034,120531
Cravo Sur,Urban,2035,122058
Cravo Sur,Urban,2036,123586
Cravo Sur,Urban,2037,125113
Cravo Sur,Urban,2038,126641
Cravo Sur,Urban,2039,128169
Cravo Sur,Urban,2040,129696
Cravo Sur,Urban,2041,131224
Cravo Sur,Urban,2042,132751
Cravo Sur,Urban,2043,134279
Cravo Sur,Urban,2044,135806
Cravo Sur,Urban,2045,137334
Cravo Sur,Urban,2046,138861
Cravo Sur,Urban,2047,140389
Cravo Sur,Urban,2048,141916
Cravo Sur,Urban,2049,143444
Cravo Sur,Urban,2050,144971
Cravo Sur,Rural,2020,35890
Cravo Sur,Rural,2021,36033
Cravo Sur,Rural,2022,36175
Cravo Sur,Rural,2023,36318
Cravo Sur,Rural,2024,36460
Cravo Sur,Rural,2025,36603
Cravo Sur,Rural,2026,36746
Cravo Sur,Rural,2027,36888
Cravo Sur,Rural,2028,37031
Cravo Sur,Rural,2029,37173
Cravo Sur,Rural,2030,37316
Cravo Sur,Rural,2031,37459
Cravo Sur,Rural,2032,37601
Cravo Sur,Rural,2033,37744
Cravo Sur,Rural,2034,37886
Cravo Sur,Rural,2035,38029
Cravo Sur,Rural,2036,38172
Cravo Sur,Rural,2037,38314
Cravo Sur,Rural,2038,38457
Cravo Sur,Rural,2039,38599
Cravo Sur,Rural,2040,38742
Cravo Sur,Rural,2041,38885
Cravo Sur,Rural,2042,39027
Cravo Sur,Rural,2043,39170
Cravo Sur,Rural,2044,39312
Cravo Sur,Rural,2045,39455
Cravo Sur,Rural,2046,39597
Cravo Sur,Rural,2047,39740
Cravo Sur,Rural,2048,39883
Cravo Sur,Rural,2049,40025
Cravo Sur,Rural,2050,40168
Cusiana,Urban,2020,121562
Cusiana,Urban,2021,123499
Cusiana,Urban,2022,125436
Cusiana,Urban,2023,127373
Cusiana,Urban,2024,129310
Cusiana,Urban,2025,131246
Cusiana,Urban,2026,133183
Cusiana,Urban,2027,135120
Cusiana,Urban,2028,137057
Cusiana,Urban,2029,138994
Cusiana,Urban,2030,140930
Cusiana,Urban,2031,142867
Cusiana,Urban,2032,144804
Cusiana,Urban,2033,146741
Cusiana,Urban,2034,148678
Cusiana,Urban,2035,150615
Cusiana,Urban,2036,152551
Cusiana,Urban,2037,154488
Cusiana,Urban,2038,156425
Cusiana,Urban,2039,158362
Cusiana,Urban,2040,160299
Cusiana,Urban,2041,162236
Cusiana,Urban,2042,164172
Cusiana,Urban,2043,166109
Cusiana,Urban,2044,168046
Cusiana,Urban,2045,169983
Cusiana,Urban,2046,171920
Cusiana,Urban,2047,173857
Cusiana,Urban,2048,175793
Cusiana,Urban,2049,177730
Cusiana,Urban,2050,179667
Cusiana,Rural,2020,27584
Cusiana,Rural,2021,27699
Cusiana,Rural,2022,27815
Cusiana,Rural,2023,27931
Cusiana,Rural,2024,28046
Cusiana,Rural,2025,28162
Cusiana,Rural,2026,28278
Cusiana,Rural,2027,28393
Cusiana,Rural,2028,28509
Cusiana,Rural,2029,28625
Cusiana,Rural,2030,28740
Cusiana,Rural,2031,28856
Cusiana,Rural,2032,28972
Cusiana,Rural,2033,29087
Cusiana,Rural,2034,29203
Cusiana,Rural,2035,29319
Cusiana,Rural,2036,29434
Cusiana,Rural,2037,29550
Cusiana,Rural,2038,29666
Cusiana,Rural,2039,29781
Cusiana,Rural,2040,29897
Cusiana,Rural,2041,30013
Cusiana,Rural,2042,30128
Cusiana,Rural,2043,30244
Cusiana,Rural,2044,30360
Cusiana,Rural,2045,30475
Cusiana,Rural,2046,30591
Cusiana,Rural,2047,30707
Cusiana,Rural,2048,30822
Cusiana,Rural,2049,30938
Cusiana,Rural,2050,31054
Garagoa,Urban,2020,55206
Garagoa,Urban,2021,56209
Garagoa,Urban,2022,57213
Garagoa,Urban,2023,58216
Garagoa,Urban,2024,59220
Garagoa,Urban,2025,60224
Garagoa,Urban,2026,61227
Garagoa,Urban,2027,62231
Garagoa,Urban,2028,63234
Garagoa,Urban,2029,64238
Garagoa,Urban,2030,65241
Garagoa,Urban,2031,66245
Garagoa,Urban,2032,67249
Garagoa,Urban,2033,68252
Garagoa,Urban,2034,69256
Garagoa,Urban,2035,70259
Garagoa,Urban,2036,71263
Garagoa,Urban,2037,72267
Garagoa,Urban,2038,73270
Garagoa,Urban,2039,74274
Garagoa,Urban,2040,75277
Garagoa,Urban,2041,76281
Garagoa,Urban,2042,77285
Garagoa,Urban,2043,78288
Garagoa,Urban,2044,79292
Garagoa,Urban,2045,80295
Garagoa,Urban,2046,81299
Garagoa,Urban,2047,82303
Garagoa,Urban,2048,83306
Garagoa,Urban,2049,84310
Garagoa,Urban,2050,85313
Garagoa,Rural,2020,106404
Garagoa,Rural,2021,107122
Garagoa,Rural,2022,107840
Garagoa,Rural,2023,108557
Garagoa,Rural,2024,109275
Garagoa,Rural,2025,109992
Garagoa,Rural,2026,110710
Garagoa,Rural,2027,111428
Garagoa,Rural,2028,112145
Garagoa,Rural,2029,112863
Garagoa,Rural,2030,113581
Garagoa,Rural,2031,114298
Garagoa,Rural,2032,115016
Garagoa,Rural,2033,115734
Garagoa,Rural,2034,116451
Garagoa,Rural,2035,117169
Garagoa,Rural,2036,117886
Garagoa,Rural,2037,118604
Garagoa,Rural,2038,119322
Garagoa,Rural,2039,120039
Garagoa,Rural,2040,120757
Garagoa,Rural,2041,121475
Garagoa,Rural,2042,122192
Garagoa,Rural,2043,122910
Garagoa,Rural,2044,123628
Garagoa,Rural,2045,124345
Garagoa,Rural,2046,125063
Garagoa,Rural,2047,125780
Garagoa,Rural,2048,126498
Garagoa,Rural,2049,127216
Garagoa,Rural,2050,127933
Guacavia,Urban,2020,6080
Guacavia,Urban,2021,6148
Guacavia,Urban,2022,6215
Guacavia,Urban,2023,6283
Guacavia,Urban,2024,6350
Guacavia,Urban,2025,6418
Guacavia,Urban,2026,6486
Guacavia,Urban,2027,6553
Guacavia,Urban,2028,6621
Guacavia,Urban,2029,6688
Guacavia,Urban,2030,6756
Guacavia,Urban,2031,6823
Guacavia,Urban,2032,6891
Guacavia,Urban,2033,6958
Guacavia,Urban,2034,7026
Guacavia,Urban,2035,7093
Guacavia,Urban,2036,7161
Guacavia,Urban,2037,7228
Guacavia,Urban,2038,7296
Guacavia,Urban,2039,7363
Guacavia,Urban,2040,7431
Guacavia,Urban,2041,7498
Guacavia,Urban,2042,7566
Guacavia,Urban,2043,7633
Guacavia,Urban,2044,7701
Guacavia,Urban,2045,7769
Guacavia,Urban,2046,7836
Guacavia,Urban,2047,7904
Guacavia,Urban,2048,7971
Guacavia,Urban,2049,8039
Guacavia,Urban,2050,8106
Guacavia,Rural,2020,9642
Guacavia,Rural,2021,9781
Guacavia,Rural,2022,9919
Guacavia,Rural,2023,10057
Guacavia,Rural,2024,10196
Guacavia,Rural,2025,10334
Guacavia,Rural,2026,10472
Guacavia,Rural,2027,10611
Guacavia,Rural,2028,10749
Guacavia,Rural,2029,10887
Guacavia,Rural,2030,11026
Guacavia,Rural,2031,11164
Guacavia,Rural,2032,11302
Guacavia,Rural,2033,11441
Guacavia,Rural,2034,11579
Guacavia,Rural,2035,11717
Guacavia,Rural,2036,11856
Guacavia,Rural,2037,11994
Guacavia,Rural,2038,12133
Guacavia,Rural,2039,12271
Guacavia,Rural,2040,12409
Guacavia,Rural,2041,12548
Guacavia,Rural,2042,12686
Guacavia,Rural,2043,12824
Guacavia,Rural,2044,12963
Guacavia,Rural,2045,13101
Guacavia,Rural,2046,13239
Guacavia,Rural,2047,13378
Guacavia,Rural,2048,13516
Guacavia,Rural,2049,13654
Guacavia,Rural,2050,13793
Guatiquia,Urban,2020,534254
Guatiquia,Urban,2021,540367
Guatiquia,Urban,2022,546480
Guatiquia,Urban,2023,552593
Guatiquia,Urban,2024,558705
Guatiquia,Urban,2025,564818
Guatiquia,Urban,2026,570931
Guatiquia,Urban,2027,577044
Guatiquia,Urban,2028,583157
Guatiquia,Urban,2029,589269
Guatiquia,Urban,2030,595382
Guatiquia,Urban,2031,601495
Guatiquia,Urban,2032,607608
Guatiquia,Urban,2033,613721
Guatiquia,Urban,2034,619833
Guatiquia,Urban,2035,625946
Guatiquia,Urban,2036,632059
Guatiquia,Urban,2037,638172
Guatiquia,Urban,2038,644285
Guatiquia,Urban,2039,650397
Guatiquia,Urban,2040,656510
Guatiquia,Urban,2041,662623
Guatiquia,Urban,2042,668736
Guatiquia,Urban,2043,674849
Guatiquia,Urban,2044,680961
Guatiquia,Urban,2045,687074
Guatiquia,Urban,2046,693187
Guatiquia,Urban,2047,699300
Guatiquia,Urban,2048,705413
Guatiquia,Urban,2049,711525
Guatiquia,Urban,2050,717638
Guatiquia,Rural,2020,39394
Guatiquia,Rural,2021,39961
Guatiquia,Rural,2022,40528
Guatiquia,Rural,2023,41094
Guatiquia,Rural,2024,41661
Guatiquia,Rural,2025,42228
Guatiquia,Rural,2026,42794
Guatiquia,Rural,2027,43361
Guatiquia,Rural,2028,43928
Guatiquia,Rural,2029,44495
Guatiquia,Rural,2030,45061
Guatiquia,Rural,2031,45628
Guatiquia,Rural,2032,46195
Guatiquia,Rural,2033,46761
Guatiquia,Rural,2034,47328
Guatiquia,Rural,2035,47895
Guatiquia,Rural,2036,48461
Guatiquia,Rural,2037,49028
Guatiquia,Rural,2038,49595
Guatiquia,Rural,2039,50161
Guatiquia,Rural,2040,50728
Guatiquia,Rural,2041,51295
Guatiquia,Rural,2042,51861
Guatiquia,Rural,2043,52428
Guatiquia,Rural,2044,52995
Guatiquia,Rural,2045,53562
Guatiquia,Rural,2046,54128
Guatiquia,Rural,2047,54695
Guatiquia,Rural,2048,55262
Guatiquia,Rural,2049,55828
Guatiquia,Rural,2050,56395
Guavio,Urban,2020,9494
Guavio,Urban,2021,10061
Guavio,Urban,2022,10628
Guavio,Urban,2023,11195
Guavio,Urban,2024,11763
Guavio,Urban,2025,12330
Guavio,Urban,2026,12897
Guavio,Urban,2027,13464
Guavio,Urban,2028,14032
Guavio,Urban,2029,14599
Guavio,Urban,2030,15166
Guavio,Urban,2031,15733
Guavio,Urban,2032,16301
Guavio,Urban,2033,16868
Guavio,Urban,2034,17435
Guavio,Urban,2035,18002
Guavio,Urban,2036,18570
Guavio,Urban,2037,19137
Guavio,Urban,2038,19704
Guavio,Urban,2039,20271
Guavio,Urban,2040,20839
Guavio,Urban,2041,21406
Guavio,Urban,2042,21973
Guavio,Urban,2043,22540
Guavio,Urban,2044,23108
Guavio,Urban,2045,23675
Guavio,Urban,2046,24242
Guavio,Urban,2047,24809
Guavio,Urban,2048,25377
Guavio,Urban,2049,25944
Guavio,Urban,2050,26511
Guavio,Rural,2020,34638
Guavio,Rural,2021,35225
Guavio,Rural,2022,35813
Guavio,Rural,2023,36400
Guavio,Rural,2024,36988
Guavio,Rural,2025,37576
Guavio,Rural,2026,38163
Guavio,Rural,2027,38751
Guavio,Rural,2028,39338
Guavio,Rural,2029,39926
Guavio,Rural,2030,40514
Guavio,Rural,2031,41101
Guavio,Rural,2032,41689
Guavio,Rural,2033,42276
Guavio,Rural,2034,42864
Guavio,Rural,2035,43451
Guavio,Rural,2036,44039
Guavio,Rural,2037,44627
Guavio,Rural,2038,45214
Guavio,Rural,2039,45802
Guavio,Rural,2040,46389
Guavio,Rural,2041,46977
Guavio,Rural,2042,47565
Guavio,Rural,2043,48152
Guavio,Rural,2044,48740
Guavio,Rural,2045,49327
Guavio,Rural,2046,49915
Guavio,Rural,2047,50503
Guavio,Rural,2048,51090
Guavio,Rural,2049,51678
Guavio,Rural,2050,52265
Guayuriba,Urban,2020,35530
Guayuriba,Urban,2021,37454
Guayuriba,Urban,2022,39377
Guayuriba,Urban,2023,41300
Guayuriba,Urban,2024,43224
Guayuriba,Urban,2025,45147
Guayuriba,Urban,2026,47071
Guayuriba,Urban,2027,48994
Guayuriba,Urban,2028,50917
Guayuriba,Urban,2029,52841
Guayuriba,Urban,2030,54764
Guayuriba,Urban,2031,56688
Guayuriba,Urban,2032,58611
Guayuriba,Urban,2033,60534
Guayuriba,Urban,2034,62458
Guayuriba,Urban,2035,64381
Guayuriba,Urban,2036,66305
Guayuriba,Urban,2037,68228
Guayuriba,Urban,2038,70151
Guayuriba,Urban,2039,72075
Guayuriba,Urban,2040,73998
Guayuriba,Urban,2041,75922
Guayuriba,Urban,2042,77845
Guayuriba,Urban,2043,79769
Guayuriba,Urban,2044,81692
Guayuriba,Urban,2045,83615
Guayuriba,Urban,2046,85539
Guayuriba,Urban,2047,87462
Guayuriba,Urban,2048,89386
Guayuriba,Urban,2049,91309
Guayuriba,Urban,2050,93232
Guayuriba,Rural,2020,79597
Guayuriba,Rural,2021,80861
Guayuriba,Rural,2022,82126
Guayuriba,Rural,2023,83390
Guayuriba,Rural,2024,84654
Guayuriba,Rural,2025,85919
Guayuriba,Rural,2026,87183
Guayuriba,Rural,2027,88448
Guayuriba,Rural,2028,89712
Guayuriba,Rural,2029,90976
Guayuriba,Rural,2030,92241
Guayuriba,Rural,2031,93505
Guayuriba,Rural,2032,94770
Guayuriba,Rural,2033,96034
Guayuriba,Rural,2034,97298
Guayuriba,Rural,2035,98563
Guayuriba,Rural,2036,99827
Guayuriba,Rural,2037,101091
Guayuriba,Rural,2038,102356
Guayuriba,Rural,2039,103620
Guayuriba,Rural,2040,104885
Guayuriba,Rural,2041,106149
Guayuriba,Rural,2042,107413
Guayuriba,Rural,2043,108678
Guayuriba,Rural,2044,109942
Guayuriba,Rural,2045,111206
Guayuriba,Rural,2046,112471
Guayuriba,Rural,2047,113735
Guayuriba,Rural,2048,115000
Guayuriba,Rural,2049,116264
Guayuriba,Rural,2050,117528
Humea,Urban,2020,8972
Humea,Urban,2021,9400
Humea,Urban,2022,9828
Humea,Urban,2023,10256
Humea,Urban,2024,10684
Humea,Urban,2025,11112
Humea,Urban,2026,11540
Humea,Urban,2027,11968
Humea,Urban,2028,12396
Humea,Urban,2029,12824
Humea,Urban,2030,13252
Humea,Urban,2031,13680
Humea,Urban,2032,14108
Humea,Urban,2033,14536
Humea,Urban,2034,14964
Humea,Urban,2035,15392
Humea,Urban,2036,15820
Humea,Urban,2037,16248
Humea,Urban,2038,16676
Humea,Urban,2039,17104
Humea,Urban,2040,17532
Humea,Urban,2041,17960
Humea,Urban,2042,18388
Humea,Urban,2043,18816
Humea,Urban,2044,19244
Humea,Urban,2045,19672
Humea,Urban,2046,20100
Humea,Urban,2047,20528
Humea,Urban,2048,20956
Humea,Urban,2049,21384
Humea,Urban,2050,21812
Humea,Rural,2020,5508
Humea,Rural,2021,5585
Humea,Rural,2022,5662
Humea,Rural,2023,5739
Humea,Rural,2024,5816
Humea,Rural,2025,5893
Humea,Rural,2026,5970
Humea,Rural,2027,6047
Humea,Rural,2028,6124
Humea,Rural,2029,6201
Humea,Rural,2030,6278
Humea,Rural,2031,6355
Humea,Rural,2032,6432
Humea,Rural,2033,6509
Humea,Rural,2034,6586
Humea,Rural,2035,6662
Humea,Rural,2036,6739
Humea,Rural,2037,6816
Humea,Rural,2038,6893
Humea,Rural,2039,6970
Humea,Rural,2040,7047
Humea,Rural,2041,7124
Humea,Rural,2042,7201
Humea,Rural,2043,7278
Humea,Rural,2044,7355
Humea,Rural,2045,7432
Humea,Rural,2046,7509
Humea,Rural,2047,7586
Humea,Rural,2048,7663
Humea,Rural,2049,7740
Humea,Rural,2050,7817
Lengupa,Urban,2020,13977
Lengupa,Urban,2021,14170
Lengupa,Urban,2022,14363
Lengupa,Urban,2023,14556
Lengupa,Urban,2024,14749
Lengupa,Urban,2025,14942
Lengupa,Urban,2026,15135
Lengupa,Urban,2027,15328
Lengupa,Urban,2028,15521
Lengupa,Urban,2029,15714
Lengupa,Urban,2030,15906
Lengupa,Urban,2031,16099
Lengupa,Urban,2032,16292
Lengupa,Urban,2033,16485
Lengupa,Urban,2034,16678
Lengupa,Urban,2035,16871
Lengupa,Urban,2036,17064
Lengupa,Urban,2037,17257
Lengupa,Urban,2038,17450
Lengupa,Urban,2039,17643
Lengupa,Urban,2040,17836
Lengupa,Urban,2041,18029
Lengupa,Urban,2042,18221
Lengupa,Urban,2043,18414
Lengupa,Urban,2044,18607
Lengupa,Urban,2045,18800
Lengupa,Urban,2046,18993
Lengupa,Urban,2047,19186
Lengupa,Urban,2048,19379
Lengupa,Urban,2049,19572
Lengupa,Urban,2050,19765
Lengupa,Rural,2020,20642
Lengupa,Rural,2021,20740
Lengupa,Rural,2022,20838
Lengupa,Rural,2023,20935
Lengupa,Rural,2024,21033
Lengupa,Rural,2025,21131
Lengupa,Rural,2026,21229
Lengupa,Rural,2027,21326
Lengupa,Rural,2028,21424
Lengupa,Rural,2029,21522
Lengupa,Rural,2030,21620
Lengupa,Rural,2031,21718
Lengupa,Rural,2032,21815
Lengupa,Rural,2033,21913
Lengupa,Rural,2034,22011
Lengupa,Rural,2035,22109
Lengupa,Rural,2036,22206
Lengupa,Rural,2037,22304
Lengupa,Rural,2038,22402
Lengupa,Rural,2039,22500
Lengupa,Rural,2040,22597
Lengupa,Rural,2041,22695
Lengupa,Rural,2042,22793
Lengupa,Rural,2043,22891
Lengupa,Rural,2044,22989
Lengupa,Rural,2045,23086
Lengupa,Rural,2046,23184
Lengupa,Rural,2047,23282
Lengupa,Rural,2048,23380
Lengupa,Rural,2049,23477
Lengupa,Rural,2050,23575
Manacacias,Urban,2020,19993
Manacacias,Urban,2021,20169
Manacacias,Urban,2022,20345
Manacacias,Urban,2023,20520
Manacacias,Urban,2024,20696
Manacacias,Urban,2025,20872
Manacacias,Urban,2026,21048
Manacacias,Urban,2027,21224
Manacacias,Urban,2028,21400
Manacacias,Urban,2029,21576
Manacacias,Urban,2030,21751
Manacacias,Urban,2031,21927
Manacacias,Urban,2032,22103
Manacacias,Urban,2033,22279
Manacacias,Urban,2034,22455
Manacacias,Urban,2035,22631
Manacacias,Urban,2036,22807
Manacacias,Urban,2037,22982
Manacacias,Urban,2038,23158
Manacacias,Urban,2039,23334
Manacacias,Urban,2040,23510
Manacacias,Urban,2041,23686
Manacacias,Urban,2042,23862
Manacacias,Urban,2043,24038
Manacacias,Urban,2044,24213
Manacacias,Urban,2045,24389
Manacacias,Urban,2046,24565
Manacacias,Urban,2047,24741
Manacacias,Urban,2048,24917
Manacacias,Urban,2049,25093
Manacacias,Urban,2050,25269
Manacacias,Rural,2020,9573
Manacacias,Rural,2021,9718
Manacacias,Rural,2022,9863
Manacacias,Rural,2023,10009
Manacacias,Rural,2024,10154
Manacacias,Rural,2025,10300
Manacacias,Rural,2026,10445
Manacacias,Rural,2027,10590
Manacacias,Rural,2028,10736
Manacacias,Rural,2029,10881
Manacacias,Rural,2030,11027
Manacacias,Rural,2031,11172
Manacacias,Rural,2032,11317
Manacacias,Rural,2033,11463
Manacacias,Rural,2034,11608
Manacacias,Rural,2035,11754
Manacacias,Rural,2036,11899
Manacacias,Rural,2037,12045
Manacacias,Rural,2038,12190
Manacacias,Rural,2039,12335
Manacacias,Rural,2040,12481
Manacacias,Rural,2041,12626
Manacacias,Rural,2042,12772
Manacacias,Rural,2043,12917
Manacacias,Rural,2044,13062
Manacacias,Rural,2045,13208
Manacacias,Rural,2046,13353
Manacacias,Rural,2047,13499
Manacacias,Rural,2048,13644
Manacacias,Rural,2049,13789
Manacacias,Rural,2050,13935
Melua,Urban,2020,0
Melua,Urban,2021,0
Melua,Urban,2022,0
Melua,Urban,2023,0
Melua,Urban,2024,0
Melua,Urban,2025,0
Melua,Urban,2026,0
Melua,Urban,2027,0
Melua,Urban,2028,0
Melua,Urban,2029,0
Melua,Urban,2030,0
Melua,Urban,2031,0
Melua,Urban,2032,0
Melua,Urban,2033,0
Melua,Urban,2034,0
Melua,Urban,2035,0
Melua,Urban,2036,0
Melua,Urban,2037,0
Melua,Urban,2038,0
Melua,Urban,2039,0
Melua,Urban,2040,0
Melua,Urban,2041,0
Melua,Urban,2042,0
Melua,Urban,2043,0
Melua,Urban,2044,0
Melua,Urban,2045,0
Melua,Urban,2046,0
Melua,Urban,2047,0
Melua,Urban,2048,0
Melua,Urban,2049,0
Melua,Urban,2050,0
Melua,Rural,2020,3305
Melua,Rural,2021,3356
Melua,Rural,2022,3406
Melua,Rural,2023,3457
Melua,Rural,2024,3508
Melua,Rural,2025,3558
Melua,Rural,2026,3609
Melua,Rural,2027,3660
Melua,Rural,2028,3710
Melua,Rural,2029,3761
Melua,Rural,2030,3811
Melua,Rural,2031,3862
Melua,Rural,2032,3913
Melua,Rural,2033,3963
Melua,Rural,2034,4014
Melua,Rural,2035,4064
Melua,Rural,2036,4115
Melua,Rural,2037,4166
Melua,Rural,2038,4216
Melua,Rural,2039,4267
Melua,Rural,2040,4317
Melua,Rural,2041,4368
Melua,Rural,2042,4419
Melua,Rural,2043,4469
Melua,Rural,2044,4520
Melua,Rural,2045,4570
Melua,Rural,2046,4621
Melua,Rural,2047,4672
Melua,Rural,2048,4722
Melua,Rural,2049,4773
Melua,Rural,2050,4823
Metica,Urban,2020,117988
Metica,Urban,2021,119287
Metica,Urban,2022,120585
Metica,Urban,2023,121884
Metica,Urban,2024,123183
Metica,Urban,2025,124482
Metica,Urban,2026,125780
Metica,Urban,2027,127079
Metica,Urban,2028,128378
Metica,Urban,2029,129677
Metica,Urban,2030,130975
Metica,Urban,2031,132274
Metica,Urban,2032,133573
Metica,Urban,2033,134871
Metica,Urban,2034,136170
Metica,Urban,2035,137469
Metica,Urban,2036,138768
Metica,Urban,2037,140066
Metica,Urban,2038,141365
Metica,Urban,2039,142664
Metica,Urban,2040,143962
Metica,Urban,2041,145261
Metica,Urban,2042,146560
Metica,Urban,2043,147859
Metica,Urban,2044,149157
Metica,Urban,2045,150456
Metica,Urban,2046,151755
Metica,Urban,2047,153053
Metica,Urban,2048,154352
Metica,Urban,2049,155651
Metica,Urban,2050,156950
Metica,Rural,2020,32532
Metica,Rural,2021,32993
Metica,Rural,2022,33454
Metica,Rural,2023,33915
Metica,Rural,2024,34376
Metica,Rural,2025,34837
Metica,Rural,2026,35298
Metica,Rural,2027,35759
Metica,Rural,2028,36220
Metica,Rural,2029,36681
Metica,Rural,2030,37142
Metica,Rural,2031,37603
Metica,Rural,2032,38064
Metica,Rural,2033,38525
Metica,Rural,2034,38986
Metica,Rural,2035,39447
Metica,Rural,2036,39908
Metica,Rural,2037,40369
Metica,Rural,2038,40830
Metica,Rural,2039,41291
Metica,Rural,2040,41752
Metica,Rural,2041,42213
Metica,Rural,2042,42674
Metica,Rural,2043,43135
Metica,Rural,2044,43596
Metica,Rural,2045,44057
Metica,Rural,2046,44518
Metica,Rural,2047,44979
Metica,Rural,2048,45440
Metica,Rural,2049,45901
Metica,Rural,2050,46362
Negro,Urban,2020,3362
Negro,Urban,2021,3400
Negro,Urban,2022,3439
Negro,Urban,2023,3477
Negro,Urban,2024,3516
Negro,Urban,2025,3554
Negro,Urban,2026,3593
Negro,Urban,2027,3631
Negro,Urban,2028,3670
Negro,Urban,2029,3708
Negro,Urban,2030,3747
Negro,Urban,2031,3785
Negro,Urban,2032,3824
Negro,Urban,2033,3862
Negro,Urban,2034,3901
Negro,Urban,2035,3939
Negro,Urban,2036,3978
Negro,Urban,2037,4016
Negro,Urban,2038,4054
Negro,Urban,2039,4093
Negro,Urban,2040,4131
Negro,Urban,2041,4170
Negro,Urban,2042,4208
Negro,Urban,2043,4247
Negro,Urban,2044,4285
Negro,Urban,2045,4324
Negro,Urban,2046,4362
Negro,Urban,2047,4401
Negro,Urban,2048,4439
Negro,Urban,2049,4478
Negro,Urban,2050,4516
Negro,Rural,2020,21240
Negro,Rural,2021,21551
Negro,Rural,2022,21863
Negro,Rural,2023,22174
Negro,Rural,2024,22485
Negro,Rural,2025,22797
Negro,Rural,2026,23108
Negro,Rural,2027,23419
Negro,Rural,2028,23731
Negro,Rural,2029,24042
Negro,Rural,2030,24354
Negro,Rural,2031,24665
Negro,Rural,2032,24976
Negro,Rural,2033,25288
Negro,Rural,2034,25599
Negro,Rural,2035,25910
Negro,Rural,2036,26222
Negro,Rural,2037,26533
Negro,Rural,2038,26844
Negro,Rural,2039,27156
Negro,Rural,2040,27467
Negro,Rural,2041,27779
Negro,Rural,2042,28090
Negro,Rural,2043,28401
Negro,Rural,2044,28713
Negro,Rural,2045,29024
Negro,Rural,2046,29335
Negro,Rural,2047,29647
Negro,Rural,2048,29958
Negro,Rural,2049,30269
Negro,Rural,2050,30581
Pauto,Urban,2020,19843
Pauto,Urban,2021,20250
Pauto,Urban,2022,20656
Pauto,Urban,2023,21063
Pauto,Urban,2024,21470
Pauto,Urban,2025,21876
Pauto,Urban,2026,22283
Pauto,Urban,2027,22690
Pauto,Urban,2028,23096
Pauto,Urban,2029,23503
Pauto,Urban,2030,23910
Pauto,Urban,2031,24317
Pauto,Urban,2032,24723
Pauto,Urban,2033,25130
Pauto,Urban,2034,25537
Pauto,Urban,2035,25943
Pauto,Urban,2036,26350
Pauto,Urban,2037,26757
Pauto,Urban,2038,27163
Pauto,Urban,2039,27570
Pauto,Urban,2040,27977
Pauto,Urban,2041,28383
Pauto,Urban,2042,28790
Pauto,Urban,2043,29197
Pauto,Urban,2044,29604
Pauto,Urban,2045,30010
Pauto,Urban,2046,30417
Pauto,Urban,2047,30824
Pauto,Urban,2048,31230
Pauto,Urban,2049,31637
Pauto,Urban,2050,32044
Pauto,Rural,2020,22358
Pauto,Rural,2021,22498
Pauto,Rural,2022,22638
Pauto,Rural,2023,22778
Pauto,Rural,2024,22918
Pauto,Rural,2025,23057
Pauto,Rural,2026,23197
Pauto,Rural,2027,23337
Pauto,Rural,2028,23477
Pauto,Rural,2029,23617
Pauto,Rural,2030,23757
Pauto,Rural,2031,23897
Pauto,Rural,2032,24037
Pauto,Rural,2033,24177
Pauto,Rural,2034,24317
Pauto,Rural,2035,24457
Pauto,Rural,2036,24597
Pauto,Rural,2037,24737
Pauto,Rural,2038,24876
Pauto,Rural,2039,25016
Pauto,Rural,2040,25156
Pauto,Rural,2041,25296
Pauto,Rural,2042,25436
Pauto,Rural,2043,25576
Pauto,Rural,2044,25716
Pauto,Rural,2045,25856
Pauto,Rural,2046,25996
Pauto,Rural,2047,26136
Pauto,Rural,2048,26276
Pauto,Rural,2049,26416
Pauto,Rural,2050,26556
Tua,Urban,2020,40294
Tua,Urban,2021,40967
Tua,Urban,2022,41641
Tua,Urban,2023,42315
Tua,Urban,2024,42988
Tua,Urban,2025,43662
Tua,Urban,2026,44336
Tua,Urban,2027,45009
Tua,Urban,2028,45683
Tua,Urban,2029,46357
Tua,Urban,2030,47031
Tua,Urban,2031,47704
Tua,Urban,2032,48378
Tua,Urban,2033,49052
Tua,Urban,2034,49725
Tua,Urban,2035,50399
Tua,Urban,2036,51073
Tua,Urban,2037,51746
Tua,Urban,2038,52420
Tua,Urban,2039,53094
Tua,Urban,2040,53768
Tua,Urban,2041,54441
Tua,Urban,2042,55115
Tua,Urban,2043,55789
Tua,Urban,2044,56462
Tua,Urban,2045,57136
Tua,Urban,2046,57810
Tua,Urban,2047,58483
Tua,Urban,2048,59157
Tua,Urban,2049,59831
Tua,Urban,2050,60505
Tua,Rural,2020,21687
Tua,Rural,2021,21789
Tua,Rural,2022,21892
Tua,Rural,2023,21995
Tua,Rural,2024,22097
Tua,Rural,2025,22200
Tua,Rural,2026,22303
Tua,Rural,2027,22405
Tua,Rural,2028,22508
Tua,Rural,2029,22611
Tua,Rural,2030,22713
Tua,Rural,2031,22816
Tua,Rural,2032,22919
Tua,Rural,2033,23021
Tua,Rural,2034,23124
Tua,Rural,2035,23227
Tua,Rural,2036,23329
Tua,Rural,2037,23432
Tua,Rural,2038,23535
Tua,Rural,2039,23637
Tua,Rural,2040,23740
Tua,Rural,2041,23843
Tua,Rural,2042,23945
Tua,Rural,2043,24048
Tua,Rural,2044,24151
Tua,Rural,2045,24254
Tua,Rural,2046,24356
Tua,Rural,2047,24459
Tua,Rural,2048,24562
Tua,Rural,2049,24664
Tua,Rural,2050,24767
Upia,Urban,2020,7077
Upia,Urban,2021,7183
Upia,Urban,2022,7289
Upia,Urban,2023,7395
Upia,Urban,2024,7500
Upia,Urban,2025,7606
Upia,Urban,2026,7712
Upia,Urban,2027,7818
Upia,Urban,2028,7924
Upia,Urban,2029,8029
Upia,Urban,2030,8135
Upia,Urban,2031,8241
Upia,Urban,2032,8347
Upia,Urban,2033,8452
Upia,Urban,2034,8558
Upia,Urban,2035,8664
Upia,Urban,2036,8770
Upia,Urban,2037,8875
Upia,Urban,2038,8981
Upia,Urban,2039,9087
Upia,Urban,2040,9193
Upia,Urban,2041,9298
Upia,Urban,2042,9404
Upia,Urban,2043,9510
Upia,Urban,2044,9616
Upia,Urban,2045,9721
Upia,Urban,2046,9827
Upia,Urban,2047,9933
Upia,Urban,2048,10039
Upia,Urban,2049,10144
Upia,Urban,2050,10250
Upia,Rural,2020,13491
Upia,Rural,2021,13567
Upia,Rural,2022,13642
Upia,Rural,2023,13718
Upia,Rural,2024,13793
Upia,Rural,2025,13869
Upia,Rural,2026,13944
Upia,Rural,2027,14020
Upia,Rural,2028,14096
Upia,Rural,2029,14171
Upia,Rural,2030,14247
Upia,Rural,2031,14322
Upia,Rural,2032,14398
Upia,Rural,2033,14473
Upia,Rural,2034,14549
Upia,Rural,2035,14625
Upia,Rural,2036,14700
Upia,Rural,2037,14776
Upia,Rural,2038,14851
Upia,Rural,2039,14927
Upia,Rural,2040,15002
Upia,Rural,2041,15078
Upia,Rural,2042,15154
Upia,Rural,2043,15229
Upia,Rural,2044,15305
Upia,Rural,2045,15380
Upia,Rural,2046,15456
Upia,Rural,2047,15531
Upia,Rural,2048,15607
Upia,Rural,2049,15683
Upia,Rural,2050,15758
Yucao,Urban,2020,0
Yucao,Urban,2021,0
Yucao,Urban,2022,0
Yucao,Urban,2023,0
Yucao,Urban,2024,0
Yucao,Urban,2025,0
Yucao,Urban,2026,0
Yucao,Urban,2027,0
Yucao,Urban,2028,0
Yucao,Urban,2029,0
Yucao,Urban,2030,0
Yucao,Urban,2031,0
Yucao,Urban,2032,0
Yucao,Urban,2033,0
Yucao,Urban,2034,0
Yucao,Urban,2035,0
Yucao,Urban,2036,0
Yucao,Urban,2037,0
Yucao,Urban,2038,0
Yucao,Urban,2039,0
Yucao,Urban,2040,0
Yucao,Urban,2041,0
Yucao,Urban,2042,0
Yucao,Urban,2043,0
Yucao,Urban,2044,0
Yucao,Urban,2045,0
Yucao,Urban,2046,0
Yucao,Urban,2047,0
Yucao,Urban,2048,0
Yucao,Urban,2049,0
Yucao,Urban,2050,0
Yucao,Rural,2020,4344
Yucao,Rural,2021,4410
Yucao,Rural,2022,4475
Yucao,Rural,2023,4541
Yucao,Rural,2024,4607
Yucao,Rural,2025,4673
Yucao,Rural,2026,4739
Yucao,Rural,2027,4805
Yucao,Rural,2028,4871
Yucao,Rural,2029,4937
Yucao,Rural,2030,5003
Yucao,Rural,2031,5069
Yucao,Rural,2032,5135
Yucao,Rural,2033,5201
Yucao,Rural,2034,5266
Yucao,Rural,2035,5332
Yucao,Rural,2036,5398
Yucao,Rural,2037,5464
Yucao,Rural,2038,5530
Yucao,Rural,2039,5596
Yucao,Rural,2040,5662
Yucao,Rural,2041,5728
Yucao,Rural,2042,5794
Yucao,Rural,2043,5860
Yucao,Rural,2044,5926
Yucao,Rural,2045,5992
Yucao,Rural,2046,6057
Yucao,Rural,2047,6123
Yucao,Rural,2048,6189
Yucao,Rural,2049,6255
Yucao,Rural,2050,6321
